consumer_id,rank,score,title,body,keyword,url,title_length,body_length,cuisines_preference,foods_preference,taste_preference,dietary_preference
181431443,1,98,Noodle cravings covered,üçú Hot bowls and hand-pulled options ready from spots you'll love,noodles,https://www.doordash.com/search/store/noodles?event_type=search&filterQuery-vertical_ids=1,23,64,"Vietnamese (Pho and beef noodle soups), Chinese (Sichuan, Cantonese, Hunan), Thai (spicy stir-fries and soups), American","Noodle soups, rice bowls, salads and customized breakfast sandwiches with frequent orders of spicy and savory dinner ite","Bold, spicy and savory flavors with regular requests for medium to very spicy adjustments in noodle ","none: while occasional modifications (e.g., dressing on the side, less sugar) are observed, no consistent exclusion pattern is evident"
181431443,2,96,Skip the schlep,"Get dumplings, rice dishes, and bold flavors delivered from top spots",Chinese food,https://www.doordash.com/search/store/Chinese%20food?event_type=search&filterQuery-vertical_ids=1,15,69,"Vietnamese (Pho and beef noodle soups), Chinese (Sichuan, Cantonese, Hunan), Thai (spicy stir-fries and soups), American","Noodle soups, rice bowls, salads and customized breakfast sandwiches with frequent orders of spicy and savory dinner ite","Bold, spicy and savory flavors with regular requests for medium to very spicy adjustments in noodle ","none: while occasional modifications (e.g., dressing on the side, less sugar) are observed, no consistent exclusion pattern is evident"
181431443,3,94,You pick. We roll,Build your perfect bowl with fresh ingredients from places nearby,rice bowls,https://www.doordash.com/search/store/rice%20bowls?event_type=search&filterQuery-vertical_ids=1,17,65,"Vietnamese (Pho and beef noodle soups), Chinese (Sichuan, Cantonese, Hunan), Thai (spicy stir-fries and soups), American","Noodle soups, rice bowls, salads and customized breakfast sandwiches with frequent orders of spicy and savory dinner ite","Bold, spicy and savory flavors with regular requests for medium to very spicy adjustments in noodle ","none: while occasional modifications (e.g., dressing on the side, less sugar) are observed, no consistent exclusion pattern is evident"
181431443,4,92,Heat seekers wanted,"Get bold, spicy flavors from restaurants that bring it",spicy food,https://www.doordash.com/search/store/spicy%20food?event_type=search&filterQuery-vertical_ids=1,19,54,"Vietnamese (Pho and beef noodle soups), Chinese (Sichuan, Cantonese, Hunan), Thai (spicy stir-fries and soups), American","Noodle soups, rice bowls, salads and customized breakfast sandwiches with frequent orders of spicy and savory dinner ite","Bold, spicy and savory flavors with regular requests for medium to very spicy adjustments in noodle ","none: while occasional modifications (e.g., dressing on the side, less sugar) are observed, no consistent exclusion pattern is evident"
181431443,5,86,Burgers your way,"Classic or loaded, get them delivered hot and ready",burgers,https://www.doordash.com/search/store/burgers?event_type=search&filterQuery-vertical_ids=1,16,51,"Vietnamese (Pho and beef noodle soups), Chinese (Sichuan, Cantonese, Hunan), Thai (spicy stir-fries and soups), American","Noodle soups, rice bowls, salads and customized breakfast sandwiches with frequent orders of spicy and savory dinner ite","Bold, spicy and savory flavors with regular requests for medium to very spicy adjustments in noodle ","none: while occasional modifications (e.g., dressing on the side, less sugar) are observed, no consistent exclusion pattern is evident"
181431443,6,82,Curry cravings,Get bold Thai curries and stir-fries delivered in 30 min,Thai food,https://www.doordash.com/search/store/Thai%20food?event_type=search&filterQuery-vertical_ids=1,14,56,"Vietnamese (Pho and beef noodle soups), Chinese (Sichuan, Cantonese, Hunan), Thai (spicy stir-fries and soups), American","Noodle soups, rice bowls, salads and customized breakfast sandwiches with frequent orders of spicy and savory dinner ite","Bold, spicy and savory flavors with regular requests for medium to very spicy adjustments in noodle ","none: while occasional modifications (e.g., dressing on the side, less sugar) are observed, no consistent exclusion pattern is evident"
181431443,7,82,Pho and more,Fresh Vietnamese flavors from noodle soups to banh mi sandwiches,Vietnamese food,https://www.doordash.com/search/store/Vietnamese%20food?event_type=search&filterQuery-vertical_ids=1,12,64,"Vietnamese (Pho and beef noodle soups), Chinese (Sichuan, Cantonese, Hunan), Thai (spicy stir-fries and soups), American","Noodle soups, rice bowls, salads and customized breakfast sandwiches with frequent orders of spicy and savory dinner ite","Bold, spicy and savory flavors with regular requests for medium to very spicy adjustments in noodle ","none: while occasional modifications (e.g., dressing on the side, less sugar) are observed, no consistent exclusion pattern is evident"
181431443,8,80,Your go-tos are here,Reorder favorites or find something new worth trying,restaurants,https://www.doordash.com/search/store/restaurants?event_type=search&filterQuery-vertical_ids=1,20,52,"Vietnamese (Pho and beef noodle soups), Chinese (Sichuan, Cantonese, Hunan), Thai (spicy stir-fries and soups), American","Noodle soups, rice bowls, salads and customized breakfast sandwiches with frequent orders of spicy and savory dinner ite","Bold, spicy and savory flavors with regular requests for medium to very spicy adjustments in noodle ","none: while occasional modifications (e.g., dressing on the side, less sugar) are observed, no consistent exclusion pattern is evident"
181431443,9,80,Fresh bowls nearby,Build your perfect meal with options that keep it light,healthy food,https://www.doordash.com/search/store/healthy%20food?event_type=search&filterQuery-vertical_ids=1,18,55,"Vietnamese (Pho and beef noodle soups), Chinese (Sichuan, Cantonese, Hunan), Thai (spicy stir-fries and soups), American","Noodle soups, rice bowls, salads and customized breakfast sandwiches with frequent orders of spicy and savory dinner ite","Bold, spicy and savory flavors with regular requests for medium to very spicy adjustments in noodle ","none: while occasional modifications (e.g., dressing on the side, less sugar) are observed, no consistent exclusion pattern is evident"
181431443,10,80,Start the day right,"Hot coffee, fresh bagels, and breakfast sandwiches ready to go",breakfast,https://www.doordash.com/search/store/breakfast?event_type=search&filterQuery-vertical_ids=1,19,62,"Vietnamese (Pho and beef noodle soups), Chinese (Sichuan, Cantonese, Hunan), Thai (spicy stir-fries and soups), American","Noodle soups, rice bowls, salads and customized breakfast sandwiches with frequent orders of spicy and savory dinner ite","Bold, spicy and savory flavors with regular requests for medium to very spicy adjustments in noodle ","none: while occasional modifications (e.g., dressing on the side, less sugar) are observed, no consistent exclusion pattern is evident"
1193328057,1,98,Noodle cravings covered,üçú Hot bowls and hand-pulled options ready from spots you'll love,noodles,https://www.doordash.com/search/store/noodles?event_type=search&filterQuery-vertical_ids=1,23,64,"Chinese (Sichuan, Mandarin), Korean, Thai, Japanese, Mexican ‚Äì primary focus on authentic Chinese and Korean dishes with","Rice bowls, noodle soups, dumplings, fajitas, and mixed salads ‚Äì with recurrent orders of lunch combos and dinner entree","Robust umami flavors with moderate spiciness and savory profiles, frequently enhanced by garlic and ",none: no consistent modifications clearly indicating a dedicated health‚Äêrestricted or plant‚Äêonly regimen
1193328057,2,96,Skip the schlep,"Get dumplings, rice dishes, and bold flavors delivered from top spots",Chinese food,https://www.doordash.com/search/store/Chinese%20food?event_type=search&filterQuery-vertical_ids=1,15,69,"Chinese (Sichuan, Mandarin), Korean, Thai, Japanese, Mexican ‚Äì primary focus on authentic Chinese and Korean dishes with","Rice bowls, noodle soups, dumplings, fajitas, and mixed salads ‚Äì with recurrent orders of lunch combos and dinner entree","Robust umami flavors with moderate spiciness and savory profiles, frequently enhanced by garlic and ",none: no consistent modifications clearly indicating a dedicated health‚Äêrestricted or plant‚Äêonly regimen
1193328057,3,94,You pick. We roll,Build your perfect bowl with fresh ingredients from places nearby,rice bowls,https://www.doordash.com/search/store/rice%20bowls?event_type=search&filterQuery-vertical_ids=1,17,65,"Chinese (Sichuan, Mandarin), Korean, Thai, Japanese, Mexican ‚Äì primary focus on authentic Chinese and Korean dishes with","Rice bowls, noodle soups, dumplings, fajitas, and mixed salads ‚Äì with recurrent orders of lunch combos and dinner entree","Robust umami flavors with moderate spiciness and savory profiles, frequently enhanced by garlic and ",none: no consistent modifications clearly indicating a dedicated health‚Äêrestricted or plant‚Äêonly regimen
1193328057,4,90,Taco time,"Fresh tacos, burritos, and more ready to order from nearby favorites",Mexican,https://www.doordash.com/search/store/Mexican?event_type=search&filterQuery-vertical_ids=1,9,68,"Chinese (Sichuan, Mandarin), Korean, Thai, Japanese, Mexican ‚Äì primary focus on authentic Chinese and Korean dishes with","Rice bowls, noodle soups, dumplings, fajitas, and mixed salads ‚Äì with recurrent orders of lunch combos and dinner entree","Robust umami flavors with moderate spiciness and savory profiles, frequently enhanced by garlic and ",none: no consistent modifications clearly indicating a dedicated health‚Äêrestricted or plant‚Äêonly regimen
1193328057,5,84,Sushi and ramen ready,Fresh rolls and rich broths from spots you'll want to reorder,Japanese food,https://www.doordash.com/search/store/Japanese%20food?event_type=search&filterQuery-vertical_ids=1,21,61,"Chinese (Sichuan, Mandarin), Korean, Thai, Japanese, Mexican ‚Äì primary focus on authentic Chinese and Korean dishes with","Rice bowls, noodle soups, dumplings, fajitas, and mixed salads ‚Äì with recurrent orders of lunch combos and dinner entree","Robust umami flavors with moderate spiciness and savory profiles, frequently enhanced by garlic and ",none: no consistent modifications clearly indicating a dedicated health‚Äêrestricted or plant‚Äêonly regimen
1193328057,6,82,Curry cravings,Get bold Thai curries and stir-fries delivered in 30 min,Thai food,https://www.doordash.com/search/store/Thai%20food?event_type=search&filterQuery-vertical_ids=1,14,56,"Chinese (Sichuan, Mandarin), Korean, Thai, Japanese, Mexican ‚Äì primary focus on authentic Chinese and Korean dishes with","Rice bowls, noodle soups, dumplings, fajitas, and mixed salads ‚Äì with recurrent orders of lunch combos and dinner entree","Robust umami flavors with moderate spiciness and savory profiles, frequently enhanced by garlic and ",none: no consistent modifications clearly indicating a dedicated health‚Äêrestricted or plant‚Äêonly regimen
1193328057,7,82,Korean favorites nearby,"From bibimbap to Korean fried chicken, flavors you'll love",Korean food,https://www.doordash.com/search/store/Korean%20food?event_type=search&filterQuery-vertical_ids=1,23,58,"Chinese (Sichuan, Mandarin), Korean, Thai, Japanese, Mexican ‚Äì primary focus on authentic Chinese and Korean dishes with","Rice bowls, noodle soups, dumplings, fajitas, and mixed salads ‚Äì with recurrent orders of lunch combos and dinner entree","Robust umami flavors with moderate spiciness and savory profiles, frequently enhanced by garlic and ",none: no consistent modifications clearly indicating a dedicated health‚Äêrestricted or plant‚Äêonly regimen
1193328057,8,80,Your go-tos are here,Reorder favorites or find something new worth trying,restaurants,https://www.doordash.com/search/store/restaurants?event_type=search&filterQuery-vertical_ids=1,20,52,"Chinese (Sichuan, Mandarin), Korean, Thai, Japanese, Mexican ‚Äì primary focus on authentic Chinese and Korean dishes with","Rice bowls, noodle soups, dumplings, fajitas, and mixed salads ‚Äì with recurrent orders of lunch combos and dinner entree","Robust umami flavors with moderate spiciness and savory profiles, frequently enhanced by garlic and ",none: no consistent modifications clearly indicating a dedicated health‚Äêrestricted or plant‚Äêonly regimen
1193328057,9,80,Fresh bowls nearby,Build your perfect meal with options that keep it light,healthy food,https://www.doordash.com/search/store/healthy%20food?event_type=search&filterQuery-vertical_ids=1,18,55,"Chinese (Sichuan, Mandarin), Korean, Thai, Japanese, Mexican ‚Äì primary focus on authentic Chinese and Korean dishes with","Rice bowls, noodle soups, dumplings, fajitas, and mixed salads ‚Äì with recurrent orders of lunch combos and dinner entree","Robust umami flavors with moderate spiciness and savory profiles, frequently enhanced by garlic and ",none: no consistent modifications clearly indicating a dedicated health‚Äêrestricted or plant‚Äêonly regimen
1036295588,1,98,Noodle cravings covered,üçú Hot bowls and hand-pulled options ready from spots you'll love,noodles,https://www.doordash.com/search/store/noodles?event_type=search&filterQuery-vertical_ids=1,23,64,"American (fast food, McDonald's), Chinese (Sichuan, Shanghainese), Vietnamese, Korean, Italian (pizza)","Chicken sandwiches, chicken nuggets, pho, dumplings, noodles, and occasional specialty items like scallion pancakes","Savory, classic fast food and comfort flavors with occasional spicy Chinese and Vietnamese influence",none: orders do not show consistent modifications for dietary restrictions
1036295588,2,96,Skip the schlep,"Get dumplings, rice dishes, and bold flavors delivered from top spots",Chinese food,https://www.doordash.com/search/store/Chinese%20food?event_type=search&filterQuery-vertical_ids=1,15,69,"American (fast food, McDonald's), Chinese (Sichuan, Shanghainese), Vietnamese, Korean, Italian (pizza)","Chicken sandwiches, chicken nuggets, pho, dumplings, noodles, and occasional specialty items like scallion pancakes","Savory, classic fast food and comfort flavors with occasional spicy Chinese and Vietnamese influence",none: orders do not show consistent modifications for dietary restrictions
1036295588,3,92,Heat seekers wanted,"Get bold, spicy flavors from restaurants that bring it",spicy food,https://www.doordash.com/search/store/spicy%20food?event_type=search&filterQuery-vertical_ids=1,19,54,"American (fast food, McDonald's), Chinese (Sichuan, Shanghainese), Vietnamese, Korean, Italian (pizza)","Chicken sandwiches, chicken nuggets, pho, dumplings, noodles, and occasional specialty items like scallion pancakes","Savory, classic fast food and comfort flavors with occasional spicy Chinese and Vietnamese influence",none: orders do not show consistent modifications for dietary restrictions
1036295588,4,88,Pizza. Done,"Thin crust to deep dish, they're all just a tap away",pizza,https://www.doordash.com/search/store/pizza?event_type=search&filterQuery-vertical_ids=1,11,52,"American (fast food, McDonald's), Chinese (Sichuan, Shanghainese), Vietnamese, Korean, Italian (pizza)","Chicken sandwiches, chicken nuggets, pho, dumplings, noodles, and occasional specialty items like scallion pancakes","Savory, classic fast food and comfort flavors with occasional spicy Chinese and Vietnamese influence",none: orders do not show consistent modifications for dietary restrictions
1036295588,5,86,Burgers your way,"Classic or loaded, get them delivered hot and ready",burgers,https://www.doordash.com/search/store/burgers?event_type=search&filterQuery-vertical_ids=1,16,51,"American (fast food, McDonald's), Chinese (Sichuan, Shanghainese), Vietnamese, Korean, Italian (pizza)","Chicken sandwiches, chicken nuggets, pho, dumplings, noodles, and occasional specialty items like scallion pancakes","Savory, classic fast food and comfort flavors with occasional spicy Chinese and Vietnamese influence",none: orders do not show consistent modifications for dietary restrictions
1036295588,6,82,Pho and more,Fresh Vietnamese flavors from noodle soups to banh mi sandwiches,Vietnamese food,https://www.doordash.com/search/store/Vietnamese%20food?event_type=search&filterQuery-vertical_ids=1,12,64,"American (fast food, McDonald's), Chinese (Sichuan, Shanghainese), Vietnamese, Korean, Italian (pizza)","Chicken sandwiches, chicken nuggets, pho, dumplings, noodles, and occasional specialty items like scallion pancakes","Savory, classic fast food and comfort flavors with occasional spicy Chinese and Vietnamese influence",none: orders do not show consistent modifications for dietary restrictions
1036295588,7,82,Korean favorites nearby,"From bibimbap to Korean fried chicken, flavors you'll love",Korean food,https://www.doordash.com/search/store/Korean%20food?event_type=search&filterQuery-vertical_ids=1,23,58,"American (fast food, McDonald's), Chinese (Sichuan, Shanghainese), Vietnamese, Korean, Italian (pizza)","Chicken sandwiches, chicken nuggets, pho, dumplings, noodles, and occasional specialty items like scallion pancakes","Savory, classic fast food and comfort flavors with occasional spicy Chinese and Vietnamese influence",none: orders do not show consistent modifications for dietary restrictions
1036295588,8,80,Your go-tos are here,Reorder favorites or find something new worth trying,restaurants,https://www.doordash.com/search/store/restaurants?event_type=search&filterQuery-vertical_ids=1,20,52,"American (fast food, McDonald's), Chinese (Sichuan, Shanghainese), Vietnamese, Korean, Italian (pizza)","Chicken sandwiches, chicken nuggets, pho, dumplings, noodles, and occasional specialty items like scallion pancakes","Savory, classic fast food and comfort flavors with occasional spicy Chinese and Vietnamese influence",none: orders do not show consistent modifications for dietary restrictions
1860023262,1,98,Noodle cravings covered,üçú Hot bowls and hand-pulled options ready from spots you'll love,noodles,https://www.doordash.com/search/store/noodles?event_type=search&filterQuery-vertical_ids=1,23,64,"American (fast‚Äêcasual, comfort food), Thai (traditional curries and stir‚Äêfried noodles), Mediterranean (Middle Eastern s","Customizable rice/burrito bowls, salads, and donburi complemented by spicy wings and hearty breakfast items, with occasi","Savory, spicy and robust flavor profiles with frequent requests for extra sauce or spice modificatio",High-Protein: recurring extra chicken and protein add-ons with customizations aimed at lean protein enhancement
1860023262,2,94,You pick. We roll,Build your perfect bowl with fresh ingredients from places nearby,rice bowls,https://www.doordash.com/search/store/rice%20bowls?event_type=search&filterQuery-vertical_ids=1,17,65,"American (fast‚Äêcasual, comfort food), Thai (traditional curries and stir‚Äêfried noodles), Mediterranean (Middle Eastern s","Customizable rice/burrito bowls, salads, and donburi complemented by spicy wings and hearty breakfast items, with occasi","Savory, spicy and robust flavor profiles with frequent requests for extra sauce or spice modificatio",High-Protein: recurring extra chicken and protein add-ons with customizations aimed at lean protein enhancement
1860023262,3,92,Heat seekers wanted,"Get bold, spicy flavors from restaurants that bring it",spicy food,https://www.doordash.com/search/store/spicy%20food?event_type=search&filterQuery-vertical_ids=1,19,54,"American (fast‚Äêcasual, comfort food), Thai (traditional curries and stir‚Äêfried noodles), Mediterranean (Middle Eastern s","Customizable rice/burrito bowls, salads, and donburi complemented by spicy wings and hearty breakfast items, with occasi","Savory, spicy and robust flavor profiles with frequent requests for extra sauce or spice modificatio",High-Protein: recurring extra chicken and protein add-ons with customizations aimed at lean protein enhancement
1860023262,4,90,Taco time,"Fresh tacos, burritos, and more ready to order from nearby favorites",Mexican,https://www.doordash.com/search/store/Mexican?event_type=search&filterQuery-vertical_ids=1,9,68,"American (fast‚Äêcasual, comfort food), Thai (traditional curries and stir‚Äêfried noodles), Mediterranean (Middle Eastern s","Customizable rice/burrito bowls, salads, and donburi complemented by spicy wings and hearty breakfast items, with occasi","Savory, spicy and robust flavor profiles with frequent requests for extra sauce or spice modificatio",High-Protein: recurring extra chicken and protein add-ons with customizations aimed at lean protein enhancement
1860023262,5,88,Pizza. Done,"Thin crust to deep dish, they're all just a tap away",pizza,https://www.doordash.com/search/store/pizza?event_type=search&filterQuery-vertical_ids=1,11,52,"American (fast‚Äêcasual, comfort food), Thai (traditional curries and stir‚Äêfried noodles), Mediterranean (Middle Eastern s","Customizable rice/burrito bowls, salads, and donburi complemented by spicy wings and hearty breakfast items, with occasi","Savory, spicy and robust flavor profiles with frequent requests for extra sauce or spice modificatio",High-Protein: recurring extra chicken and protein add-ons with customizations aimed at lean protein enhancement
1860023262,6,82,Curry cravings,Get bold Thai curries and stir-fries delivered in 30 min,Thai food,https://www.doordash.com/search/store/Thai%20food?event_type=search&filterQuery-vertical_ids=1,14,56,"American (fast‚Äêcasual, comfort food), Thai (traditional curries and stir‚Äêfried noodles), Mediterranean (Middle Eastern s","Customizable rice/burrito bowls, salads, and donburi complemented by spicy wings and hearty breakfast items, with occasi","Savory, spicy and robust flavor profiles with frequent requests for extra sauce or spice modificatio",High-Protein: recurring extra chicken and protein add-ons with customizations aimed at lean protein enhancement
1860023262,7,82,Mediterranean picks,"Fresh gyros, falafel, and hummus from spots worth reordering",Mediterranean food,https://www.doordash.com/search/store/Mediterranean%20food?event_type=search&filterQuery-vertical_ids=1,19,60,"American (fast‚Äêcasual, comfort food), Thai (traditional curries and stir‚Äêfried noodles), Mediterranean (Middle Eastern s","Customizable rice/burrito bowls, salads, and donburi complemented by spicy wings and hearty breakfast items, with occasi","Savory, spicy and robust flavor profiles with frequent requests for extra sauce or spice modificatio",High-Protein: recurring extra chicken and protein add-ons with customizations aimed at lean protein enhancement
1860023262,8,80,Your go-tos are here,Reorder favorites or find something new worth trying,restaurants,https://www.doordash.com/search/store/restaurants?event_type=search&filterQuery-vertical_ids=1,20,52,"American (fast‚Äêcasual, comfort food), Thai (traditional curries and stir‚Äêfried noodles), Mediterranean (Middle Eastern s","Customizable rice/burrito bowls, salads, and donburi complemented by spicy wings and hearty breakfast items, with occasi","Savory, spicy and robust flavor profiles with frequent requests for extra sauce or spice modificatio",High-Protein: recurring extra chicken and protein add-ons with customizations aimed at lean protein enhancement
1860023262,9,80,Fresh bowls nearby,Build your perfect meal with options that keep it light,healthy food,https://www.doordash.com/search/store/healthy%20food?event_type=search&filterQuery-vertical_ids=1,18,55,"American (fast‚Äêcasual, comfort food), Thai (traditional curries and stir‚Äêfried noodles), Mediterranean (Middle Eastern s","Customizable rice/burrito bowls, salads, and donburi complemented by spicy wings and hearty breakfast items, with occasi","Savory, spicy and robust flavor profiles with frequent requests for extra sauce or spice modificatio",High-Protein: recurring extra chicken and protein add-ons with customizations aimed at lean protein enhancement
1860023262,10,80,Start the day right,"Hot coffee, fresh bagels, and breakfast sandwiches ready to go",breakfast,https://www.doordash.com/search/store/breakfast?event_type=search&filterQuery-vertical_ids=1,19,62,"American (fast‚Äêcasual, comfort food), Thai (traditional curries and stir‚Äêfried noodles), Mediterranean (Middle Eastern s","Customizable rice/burrito bowls, salads, and donburi complemented by spicy wings and hearty breakfast items, with occasi","Savory, spicy and robust flavor profiles with frequent requests for extra sauce or spice modificatio",High-Protein: recurring extra chicken and protein add-ons with customizations aimed at lean protein enhancement
1898143015,1,94,You pick. We roll,Build your perfect bowl with fresh ingredients from places nearby,rice bowls,https://www.doordash.com/search/store/rice%20bowls?event_type=search&filterQuery-vertical_ids=1,17,65,"Japanese (donburi, sushi rolls), Italian (pastas, pizzas), Indian (naans, curries), Mediterranean (Greek, Middle Eastern","Rice bowls like LOCO MOCO DON, customizable burgers, pasta and pizza dishes, assorted appetizers and share plates","Savory with a leaning towards spicy, customizable flavors",none
1898143015,2,92,Heat seekers wanted,"Get bold, spicy flavors from restaurants that bring it",spicy food,https://www.doordash.com/search/store/spicy%20food?event_type=search&filterQuery-vertical_ids=1,19,54,"Japanese (donburi, sushi rolls), Italian (pastas, pizzas), Indian (naans, curries), Mediterranean (Greek, Middle Eastern","Rice bowls like LOCO MOCO DON, customizable burgers, pasta and pizza dishes, assorted appetizers and share plates","Savory with a leaning towards spicy, customizable flavors",none
1898143015,3,88,Pizza. Done,"Thin crust to deep dish, they're all just a tap away",pizza,https://www.doordash.com/search/store/pizza?event_type=search&filterQuery-vertical_ids=1,11,52,"Japanese (donburi, sushi rolls), Italian (pastas, pizzas), Indian (naans, curries), Mediterranean (Greek, Middle Eastern","Rice bowls like LOCO MOCO DON, customizable burgers, pasta and pizza dishes, assorted appetizers and share plates","Savory with a leaning towards spicy, customizable flavors",none
1898143015,4,86,Burgers your way,"Classic or loaded, get them delivered hot and ready",burgers,https://www.doordash.com/search/store/burgers?event_type=search&filterQuery-vertical_ids=1,16,51,"Japanese (donburi, sushi rolls), Italian (pastas, pizzas), Indian (naans, curries), Mediterranean (Greek, Middle Eastern","Rice bowls like LOCO MOCO DON, customizable burgers, pasta and pizza dishes, assorted appetizers and share plates","Savory with a leaning towards spicy, customizable flavors",none
1898143015,5,84,Sushi and ramen ready,Fresh rolls and rich broths from spots you'll want to reorder,Japanese food,https://www.doordash.com/search/store/Japanese%20food?event_type=search&filterQuery-vertical_ids=1,21,61,"Japanese (donburi, sushi rolls), Italian (pastas, pizzas), Indian (naans, curries), Mediterranean (Greek, Middle Eastern","Rice bowls like LOCO MOCO DON, customizable burgers, pasta and pizza dishes, assorted appetizers and share plates","Savory with a leaning towards spicy, customizable flavors",none
1898143015,6,82,Curry and more,"Bold Indian flavors from tikka masala to biryani, all nearby",Indian food,https://www.doordash.com/search/store/Indian%20food?event_type=search&filterQuery-vertical_ids=1,14,60,"Japanese (donburi, sushi rolls), Italian (pastas, pizzas), Indian (naans, curries), Mediterranean (Greek, Middle Eastern","Rice bowls like LOCO MOCO DON, customizable burgers, pasta and pizza dishes, assorted appetizers and share plates","Savory with a leaning towards spicy, customizable flavors",none
1898143015,7,82,Mediterranean picks,"Fresh gyros, falafel, and hummus from spots worth reordering",Mediterranean food,https://www.doordash.com/search/store/Mediterranean%20food?event_type=search&filterQuery-vertical_ids=1,19,60,"Japanese (donburi, sushi rolls), Italian (pastas, pizzas), Indian (naans, curries), Mediterranean (Greek, Middle Eastern","Rice bowls like LOCO MOCO DON, customizable burgers, pasta and pizza dishes, assorted appetizers and share plates","Savory with a leaning towards spicy, customizable flavors",none
1898143015,8,80,Your go-tos are here,Reorder favorites or find something new worth trying,restaurants,https://www.doordash.com/search/store/restaurants?event_type=search&filterQuery-vertical_ids=1,20,52,"Japanese (donburi, sushi rolls), Italian (pastas, pizzas), Indian (naans, curries), Mediterranean (Greek, Middle Eastern","Rice bowls like LOCO MOCO DON, customizable burgers, pasta and pizza dishes, assorted appetizers and share plates","Savory with a leaning towards spicy, customizable flavors",none
1898143015,9,80,Fresh bowls nearby,Build your perfect meal with options that keep it light,healthy food,https://www.doordash.com/search/store/healthy%20food?event_type=search&filterQuery-vertical_ids=1,18,55,"Japanese (donburi, sushi rolls), Italian (pastas, pizzas), Indian (naans, curries), Mediterranean (Greek, Middle Eastern","Rice bowls like LOCO MOCO DON, customizable burgers, pasta and pizza dishes, assorted appetizers and share plates","Savory with a leaning towards spicy, customizable flavors",none
1917310173,1,98,Noodle cravings covered,üçú Hot bowls and hand-pulled options ready from spots you'll love,noodles,https://www.doordash.com/search/store/noodles?event_type=search&filterQuery-vertical_ids=1,23,64,"Japanese (authentic ramen and izakaya dishes), Korean (traditional fried chicken and street fare), Filipino (signature C","Fried chicken (both Korean and Filipino styles), ramen and noodle soups, burgers and sandwich combos, with occasional pi","Bold, spicy and umami flavors with a propensity for garlicky, savory profiles",Low Sodium: several orders feature modifications such as 'Low Sodium Garlic Tonkotsu' indicating a health‚Äêconscious adjustment
1917310173,2,96,Skip the schlep,"Get dumplings, rice dishes, and bold flavors delivered from top spots",Chinese food,https://www.doordash.com/search/store/Chinese%20food?event_type=search&filterQuery-vertical_ids=1,15,69,"Japanese (authentic ramen and izakaya dishes), Korean (traditional fried chicken and street fare), Filipino (signature C","Fried chicken (both Korean and Filipino styles), ramen and noodle soups, burgers and sandwich combos, with occasional pi","Bold, spicy and umami flavors with a propensity for garlicky, savory profiles",Low Sodium: several orders feature modifications such as 'Low Sodium Garlic Tonkotsu' indicating a health‚Äêconscious adjustment
1917310173,3,92,Heat seekers wanted,"Get bold, spicy flavors from restaurants that bring it",spicy food,https://www.doordash.com/search/store/spicy%20food?event_type=search&filterQuery-vertical_ids=1,19,54,"Japanese (authentic ramen and izakaya dishes), Korean (traditional fried chicken and street fare), Filipino (signature C","Fried chicken (both Korean and Filipino styles), ramen and noodle soups, burgers and sandwich combos, with occasional pi","Bold, spicy and umami flavors with a propensity for garlicky, savory profiles",Low Sodium: several orders feature modifications such as 'Low Sodium Garlic Tonkotsu' indicating a health‚Äêconscious adjustment
1917310173,4,88,Pizza. Done,"Thin crust to deep dish, they're all just a tap away",pizza,https://www.doordash.com/search/store/pizza?event_type=search&filterQuery-vertical_ids=1,11,52,"Japanese (authentic ramen and izakaya dishes), Korean (traditional fried chicken and street fare), Filipino (signature C","Fried chicken (both Korean and Filipino styles), ramen and noodle soups, burgers and sandwich combos, with occasional pi","Bold, spicy and umami flavors with a propensity for garlicky, savory profiles",Low Sodium: several orders feature modifications such as 'Low Sodium Garlic Tonkotsu' indicating a health‚Äêconscious adjustment
1917310173,5,86,Burgers your way,"Classic or loaded, get them delivered hot and ready",burgers,https://www.doordash.com/search/store/burgers?event_type=search&filterQuery-vertical_ids=1,16,51,"Japanese (authentic ramen and izakaya dishes), Korean (traditional fried chicken and street fare), Filipino (signature C","Fried chicken (both Korean and Filipino styles), ramen and noodle soups, burgers and sandwich combos, with occasional pi","Bold, spicy and umami flavors with a propensity for garlicky, savory profiles",Low Sodium: several orders feature modifications such as 'Low Sodium Garlic Tonkotsu' indicating a health‚Äêconscious adjustment
1917310173,6,84,Sushi and ramen ready,Fresh rolls and rich broths from spots you'll want to reorder,Japanese food,https://www.doordash.com/search/store/Japanese%20food?event_type=search&filterQuery-vertical_ids=1,21,61,"Japanese (authentic ramen and izakaya dishes), Korean (traditional fried chicken and street fare), Filipino (signature C","Fried chicken (both Korean and Filipino styles), ramen and noodle soups, burgers and sandwich combos, with occasional pi","Bold, spicy and umami flavors with a propensity for garlicky, savory profiles",Low Sodium: several orders feature modifications such as 'Low Sodium Garlic Tonkotsu' indicating a health‚Äêconscious adjustment
1917310173,7,82,Korean favorites nearby,"From bibimbap to Korean fried chicken, flavors you'll love",Korean food,https://www.doordash.com/search/store/Korean%20food?event_type=search&filterQuery-vertical_ids=1,23,58,"Japanese (authentic ramen and izakaya dishes), Korean (traditional fried chicken and street fare), Filipino (signature C","Fried chicken (both Korean and Filipino styles), ramen and noodle soups, burgers and sandwich combos, with occasional pi","Bold, spicy and umami flavors with a propensity for garlicky, savory profiles",Low Sodium: several orders feature modifications such as 'Low Sodium Garlic Tonkotsu' indicating a health‚Äêconscious adjustment
1917310173,8,80,Your go-tos are here,Reorder favorites or find something new worth trying,restaurants,https://www.doordash.com/search/store/restaurants?event_type=search&filterQuery-vertical_ids=1,20,52,"Japanese (authentic ramen and izakaya dishes), Korean (traditional fried chicken and street fare), Filipino (signature C","Fried chicken (both Korean and Filipino styles), ramen and noodle soups, burgers and sandwich combos, with occasional pi","Bold, spicy and umami flavors with a propensity for garlicky, savory profiles",Low Sodium: several orders feature modifications such as 'Low Sodium Garlic Tonkotsu' indicating a health‚Äêconscious adjustment
1652637228,1,96,Skip the schlep,"Get dumplings, rice dishes, and bold flavors delivered from top spots",Chinese food,https://www.doordash.com/search/store/Chinese%20food?event_type=search&filterQuery-vertical_ids=1,15,69,"Northern Indian, Chinese, Mediterranean, Korean, American, Thai ‚Äì with a dominant emphasis on Northern Indian and tradit","Indian curries and biryanis, assorted naan breads and chaat items, customizable sandwiches and pizzas, and specialty bow","Bold, spicy, and richly flavored with a mix of tangy, savory, and sweet dessert profiles.","Vegetarian-friendly with frequent modifications such as extra vegetables, substitutions in sandwiches and bowls, and occasional plant-based protein options, although non-vegetarian items also appear."
1652637228,2,94,You pick. We roll,Build your perfect bowl with fresh ingredients from places nearby,rice bowls,https://www.doordash.com/search/store/rice%20bowls?event_type=search&filterQuery-vertical_ids=1,17,65,"Northern Indian, Chinese, Mediterranean, Korean, American, Thai ‚Äì with a dominant emphasis on Northern Indian and tradit","Indian curries and biryanis, assorted naan breads and chaat items, customizable sandwiches and pizzas, and specialty bow","Bold, spicy, and richly flavored with a mix of tangy, savory, and sweet dessert profiles.","Vegetarian-friendly with frequent modifications such as extra vegetables, substitutions in sandwiches and bowls, and occasional plant-based protein options, although non-vegetarian items also appear."
1652637228,3,92,Heat seekers wanted,"Get bold, spicy flavors from restaurants that bring it",spicy food,https://www.doordash.com/search/store/spicy%20food?event_type=search&filterQuery-vertical_ids=1,19,54,"Northern Indian, Chinese, Mediterranean, Korean, American, Thai ‚Äì with a dominant emphasis on Northern Indian and tradit","Indian curries and biryanis, assorted naan breads and chaat items, customizable sandwiches and pizzas, and specialty bow","Bold, spicy, and richly flavored with a mix of tangy, savory, and sweet dessert profiles.","Vegetarian-friendly with frequent modifications such as extra vegetables, substitutions in sandwiches and bowls, and occasional plant-based protein options, although non-vegetarian items also appear."
1652637228,4,88,Pizza. Done,"Thin crust to deep dish, they're all just a tap away",pizza,https://www.doordash.com/search/store/pizza?event_type=search&filterQuery-vertical_ids=1,11,52,"Northern Indian, Chinese, Mediterranean, Korean, American, Thai ‚Äì with a dominant emphasis on Northern Indian and tradit","Indian curries and biryanis, assorted naan breads and chaat items, customizable sandwiches and pizzas, and specialty bow","Bold, spicy, and richly flavored with a mix of tangy, savory, and sweet dessert profiles.","Vegetarian-friendly with frequent modifications such as extra vegetables, substitutions in sandwiches and bowls, and occasional plant-based protein options, although non-vegetarian items also appear."
1652637228,5,86,Burgers your way,"Classic or loaded, get them delivered hot and ready",burgers,https://www.doordash.com/search/store/burgers?event_type=search&filterQuery-vertical_ids=1,16,51,"Northern Indian, Chinese, Mediterranean, Korean, American, Thai ‚Äì with a dominant emphasis on Northern Indian and tradit","Indian curries and biryanis, assorted naan breads and chaat items, customizable sandwiches and pizzas, and specialty bow","Bold, spicy, and richly flavored with a mix of tangy, savory, and sweet dessert profiles.","Vegetarian-friendly with frequent modifications such as extra vegetables, substitutions in sandwiches and bowls, and occasional plant-based protein options, although non-vegetarian items also appear."
1652637228,6,82,Curry cravings,Get bold Thai curries and stir-fries delivered in 30 min,Thai food,https://www.doordash.com/search/store/Thai%20food?event_type=search&filterQuery-vertical_ids=1,14,56,"Northern Indian, Chinese, Mediterranean, Korean, American, Thai ‚Äì with a dominant emphasis on Northern Indian and tradit","Indian curries and biryanis, assorted naan breads and chaat items, customizable sandwiches and pizzas, and specialty bow","Bold, spicy, and richly flavored with a mix of tangy, savory, and sweet dessert profiles.","Vegetarian-friendly with frequent modifications such as extra vegetables, substitutions in sandwiches and bowls, and occasional plant-based protein options, although non-vegetarian items also appear."
1652637228,7,82,Curry and more,"Bold Indian flavors from tikka masala to biryani, all nearby",Indian food,https://www.doordash.com/search/store/Indian%20food?event_type=search&filterQuery-vertical_ids=1,14,60,"Northern Indian, Chinese, Mediterranean, Korean, American, Thai ‚Äì with a dominant emphasis on Northern Indian and tradit","Indian curries and biryanis, assorted naan breads and chaat items, customizable sandwiches and pizzas, and specialty bow","Bold, spicy, and richly flavored with a mix of tangy, savory, and sweet dessert profiles.","Vegetarian-friendly with frequent modifications such as extra vegetables, substitutions in sandwiches and bowls, and occasional plant-based protein options, although non-vegetarian items also appear."
1652637228,8,82,Mediterranean picks,"Fresh gyros, falafel, and hummus from spots worth reordering",Mediterranean food,https://www.doordash.com/search/store/Mediterranean%20food?event_type=search&filterQuery-vertical_ids=1,19,60,"Northern Indian, Chinese, Mediterranean, Korean, American, Thai ‚Äì with a dominant emphasis on Northern Indian and tradit","Indian curries and biryanis, assorted naan breads and chaat items, customizable sandwiches and pizzas, and specialty bow","Bold, spicy, and richly flavored with a mix of tangy, savory, and sweet dessert profiles.","Vegetarian-friendly with frequent modifications such as extra vegetables, substitutions in sandwiches and bowls, and occasional plant-based protein options, although non-vegetarian items also appear."
1652637228,9,80,Your go-tos are here,Reorder favorites or find something new worth trying,restaurants,https://www.doordash.com/search/store/restaurants?event_type=search&filterQuery-vertical_ids=1,20,52,"Northern Indian, Chinese, Mediterranean, Korean, American, Thai ‚Äì with a dominant emphasis on Northern Indian and tradit","Indian curries and biryanis, assorted naan breads and chaat items, customizable sandwiches and pizzas, and specialty bow","Bold, spicy, and richly flavored with a mix of tangy, savory, and sweet dessert profiles.","Vegetarian-friendly with frequent modifications such as extra vegetables, substitutions in sandwiches and bowls, and occasional plant-based protein options, although non-vegetarian items also appear."
1652637228,10,80,Fresh bowls nearby,Build your perfect meal with options that keep it light,healthy food,https://www.doordash.com/search/store/healthy%20food?event_type=search&filterQuery-vertical_ids=1,18,55,"Northern Indian, Chinese, Mediterranean, Korean, American, Thai ‚Äì with a dominant emphasis on Northern Indian and tradit","Indian curries and biryanis, assorted naan breads and chaat items, customizable sandwiches and pizzas, and specialty bow","Bold, spicy, and richly flavored with a mix of tangy, savory, and sweet dessert profiles.","Vegetarian-friendly with frequent modifications such as extra vegetables, substitutions in sandwiches and bowls, and occasional plant-based protein options, although non-vegetarian items also appear."
879733873,1,98,Noodle cravings covered,üçú Hot bowls and hand-pulled options ready from spots you'll love,noodles,https://www.doordash.com/search/store/noodles?event_type=search&filterQuery-vertical_ids=1,23,64,"Predominantly East Asian (Sichuan, Korean, Chinese, Japanese), complemented by American, Italian, and Mediterranean infl","Frequent orders of chicken-based dishes, rice bowls, noodles, sandwiches, with occasional pizzas and fried foods","Savory, spicy, and umami-rich flavors with a penchant for bold and comfort-oriented tastes","Balanced: no significant dietary restrictions observed, with occasional healthier substitutions like brown rice and salad"
879733873,2,96,Skip the schlep,"Get dumplings, rice dishes, and bold flavors delivered from top spots",Chinese food,https://www.doordash.com/search/store/Chinese%20food?event_type=search&filterQuery-vertical_ids=1,15,69,"Predominantly East Asian (Sichuan, Korean, Chinese, Japanese), complemented by American, Italian, and Mediterranean infl","Frequent orders of chicken-based dishes, rice bowls, noodles, sandwiches, with occasional pizzas and fried foods","Savory, spicy, and umami-rich flavors with a penchant for bold and comfort-oriented tastes","Balanced: no significant dietary restrictions observed, with occasional healthier substitutions like brown rice and salad"
879733873,3,94,You pick. We roll,Build your perfect bowl with fresh ingredients from places nearby,rice bowls,https://www.doordash.com/search/store/rice%20bowls?event_type=search&filterQuery-vertical_ids=1,17,65,"Predominantly East Asian (Sichuan, Korean, Chinese, Japanese), complemented by American, Italian, and Mediterranean infl","Frequent orders of chicken-based dishes, rice bowls, noodles, sandwiches, with occasional pizzas and fried foods","Savory, spicy, and umami-rich flavors with a penchant for bold and comfort-oriented tastes","Balanced: no significant dietary restrictions observed, with occasional healthier substitutions like brown rice and salad"
879733873,4,92,Heat seekers wanted,"Get bold, spicy flavors from restaurants that bring it",spicy food,https://www.doordash.com/search/store/spicy%20food?event_type=search&filterQuery-vertical_ids=1,19,54,"Predominantly East Asian (Sichuan, Korean, Chinese, Japanese), complemented by American, Italian, and Mediterranean infl","Frequent orders of chicken-based dishes, rice bowls, noodles, sandwiches, with occasional pizzas and fried foods","Savory, spicy, and umami-rich flavors with a penchant for bold and comfort-oriented tastes","Balanced: no significant dietary restrictions observed, with occasional healthier substitutions like brown rice and salad"
879733873,5,88,Pizza. Done,"Thin crust to deep dish, they're all just a tap away",pizza,https://www.doordash.com/search/store/pizza?event_type=search&filterQuery-vertical_ids=1,11,52,"Predominantly East Asian (Sichuan, Korean, Chinese, Japanese), complemented by American, Italian, and Mediterranean infl","Frequent orders of chicken-based dishes, rice bowls, noodles, sandwiches, with occasional pizzas and fried foods","Savory, spicy, and umami-rich flavors with a penchant for bold and comfort-oriented tastes","Balanced: no significant dietary restrictions observed, with occasional healthier substitutions like brown rice and salad"
879733873,6,86,Burgers your way,"Classic or loaded, get them delivered hot and ready",burgers,https://www.doordash.com/search/store/burgers?event_type=search&filterQuery-vertical_ids=1,16,51,"Predominantly East Asian (Sichuan, Korean, Chinese, Japanese), complemented by American, Italian, and Mediterranean infl","Frequent orders of chicken-based dishes, rice bowls, noodles, sandwiches, with occasional pizzas and fried foods","Savory, spicy, and umami-rich flavors with a penchant for bold and comfort-oriented tastes","Balanced: no significant dietary restrictions observed, with occasional healthier substitutions like brown rice and salad"
879733873,7,84,Sushi and ramen ready,Fresh rolls and rich broths from spots you'll want to reorder,Japanese food,https://www.doordash.com/search/store/Japanese%20food?event_type=search&filterQuery-vertical_ids=1,21,61,"Predominantly East Asian (Sichuan, Korean, Chinese, Japanese), complemented by American, Italian, and Mediterranean infl","Frequent orders of chicken-based dishes, rice bowls, noodles, sandwiches, with occasional pizzas and fried foods","Savory, spicy, and umami-rich flavors with a penchant for bold and comfort-oriented tastes","Balanced: no significant dietary restrictions observed, with occasional healthier substitutions like brown rice and salad"
879733873,8,82,Korean favorites nearby,"From bibimbap to Korean fried chicken, flavors you'll love",Korean food,https://www.doordash.com/search/store/Korean%20food?event_type=search&filterQuery-vertical_ids=1,23,58,"Predominantly East Asian (Sichuan, Korean, Chinese, Japanese), complemented by American, Italian, and Mediterranean infl","Frequent orders of chicken-based dishes, rice bowls, noodles, sandwiches, with occasional pizzas and fried foods","Savory, spicy, and umami-rich flavors with a penchant for bold and comfort-oriented tastes","Balanced: no significant dietary restrictions observed, with occasional healthier substitutions like brown rice and salad"
879733873,9,82,Mediterranean picks,"Fresh gyros, falafel, and hummus from spots worth reordering",Mediterranean food,https://www.doordash.com/search/store/Mediterranean%20food?event_type=search&filterQuery-vertical_ids=1,19,60,"Predominantly East Asian (Sichuan, Korean, Chinese, Japanese), complemented by American, Italian, and Mediterranean infl","Frequent orders of chicken-based dishes, rice bowls, noodles, sandwiches, with occasional pizzas and fried foods","Savory, spicy, and umami-rich flavors with a penchant for bold and comfort-oriented tastes","Balanced: no significant dietary restrictions observed, with occasional healthier substitutions like brown rice and salad"
879733873,10,80,Your go-tos are here,Reorder favorites or find something new worth trying,restaurants,https://www.doordash.com/search/store/restaurants?event_type=search&filterQuery-vertical_ids=1,20,52,"Predominantly East Asian (Sichuan, Korean, Chinese, Japanese), complemented by American, Italian, and Mediterranean infl","Frequent orders of chicken-based dishes, rice bowls, noodles, sandwiches, with occasional pizzas and fried foods","Savory, spicy, and umami-rich flavors with a penchant for bold and comfort-oriented tastes","Balanced: no significant dietary restrictions observed, with occasional healthier substitutions like brown rice and salad"
1787689873,1,98,Noodle cravings covered,üçú Hot bowls and hand-pulled options ready from spots you'll love,noodles,https://www.doordash.com/search/store/noodles?event_type=search&filterQuery-vertical_ids=1,23,64,"Chinese (Sichuan, Cantonese), Japanese (ramen, donburi), Thai (street-style casual), American (BBQ, burgers)","Noodles, rice bowls, sandwiches, burgers, and dim sum/dumplings","Spicy, savory and umami with occasional tangy and sweet accents",none
1787689873,2,96,Skip the schlep,"Get dumplings, rice dishes, and bold flavors delivered from top spots",Chinese food,https://www.doordash.com/search/store/Chinese%20food?event_type=search&filterQuery-vertical_ids=1,15,69,"Chinese (Sichuan, Cantonese), Japanese (ramen, donburi), Thai (street-style casual), American (BBQ, burgers)","Noodles, rice bowls, sandwiches, burgers, and dim sum/dumplings","Spicy, savory and umami with occasional tangy and sweet accents",none
1787689873,3,94,You pick. We roll,Build your perfect bowl with fresh ingredients from places nearby,rice bowls,https://www.doordash.com/search/store/rice%20bowls?event_type=search&filterQuery-vertical_ids=1,17,65,"Chinese (Sichuan, Cantonese), Japanese (ramen, donburi), Thai (street-style casual), American (BBQ, burgers)","Noodles, rice bowls, sandwiches, burgers, and dim sum/dumplings","Spicy, savory and umami with occasional tangy and sweet accents",none
1787689873,4,92,Heat seekers wanted,"Get bold, spicy flavors from restaurants that bring it",spicy food,https://www.doordash.com/search/store/spicy%20food?event_type=search&filterQuery-vertical_ids=1,19,54,"Chinese (Sichuan, Cantonese), Japanese (ramen, donburi), Thai (street-style casual), American (BBQ, burgers)","Noodles, rice bowls, sandwiches, burgers, and dim sum/dumplings","Spicy, savory and umami with occasional tangy and sweet accents",none
1787689873,5,86,Burgers your way,"Classic or loaded, get them delivered hot and ready",burgers,https://www.doordash.com/search/store/burgers?event_type=search&filterQuery-vertical_ids=1,16,51,"Chinese (Sichuan, Cantonese), Japanese (ramen, donburi), Thai (street-style casual), American (BBQ, burgers)","Noodles, rice bowls, sandwiches, burgers, and dim sum/dumplings","Spicy, savory and umami with occasional tangy and sweet accents",none
1787689873,6,84,Sushi and ramen ready,Fresh rolls and rich broths from spots you'll want to reorder,Japanese food,https://www.doordash.com/search/store/Japanese%20food?event_type=search&filterQuery-vertical_ids=1,21,61,"Chinese (Sichuan, Cantonese), Japanese (ramen, donburi), Thai (street-style casual), American (BBQ, burgers)","Noodles, rice bowls, sandwiches, burgers, and dim sum/dumplings","Spicy, savory and umami with occasional tangy and sweet accents",none
1787689873,7,82,Curry cravings,Get bold Thai curries and stir-fries delivered in 30 min,Thai food,https://www.doordash.com/search/store/Thai%20food?event_type=search&filterQuery-vertical_ids=1,14,56,"Chinese (Sichuan, Cantonese), Japanese (ramen, donburi), Thai (street-style casual), American (BBQ, burgers)","Noodles, rice bowls, sandwiches, burgers, and dim sum/dumplings","Spicy, savory and umami with occasional tangy and sweet accents",none
1787689873,8,80,Your go-tos are here,Reorder favorites or find something new worth trying,restaurants,https://www.doordash.com/search/store/restaurants?event_type=search&filterQuery-vertical_ids=1,20,52,"Chinese (Sichuan, Cantonese), Japanese (ramen, donburi), Thai (street-style casual), American (BBQ, burgers)","Noodles, rice bowls, sandwiches, burgers, and dim sum/dumplings","Spicy, savory and umami with occasional tangy and sweet accents",none
1787689873,9,80,Fresh bowls nearby,Build your perfect meal with options that keep it light,healthy food,https://www.doordash.com/search/store/healthy%20food?event_type=search&filterQuery-vertical_ids=1,18,55,"Chinese (Sichuan, Cantonese), Japanese (ramen, donburi), Thai (street-style casual), American (BBQ, burgers)","Noodles, rice bowls, sandwiches, burgers, and dim sum/dumplings","Spicy, savory and umami with occasional tangy and sweet accents",none
661703925,1,98,Noodle cravings covered,üçú Hot bowls and hand-pulled options ready from spots you'll love,noodles,https://www.doordash.com/search/store/noodles?event_type=search&filterQuery-vertical_ids=1,23,64,"American (Californian salads, casual grill), Chinese (Sichuan, Cantonese fast‚Äêfood), Indian (Northern Indian biryani), T","Heavily favors fresh salads, rice bowls and noodles for lunch and dinner, with occasional indulgences like fast‚Äêfood sna","Prefers fresh, savory and well‚Äêbalanced flavors with tangy dressings and customizable spice levels","Balanced: frequently opts for health-conscious modifications (e.g., dressings on the side, extra greens) while still ordering meat-based dishes"
661703925,2,96,Skip the schlep,"Get dumplings, rice dishes, and bold flavors delivered from top spots",Chinese food,https://www.doordash.com/search/store/Chinese%20food?event_type=search&filterQuery-vertical_ids=1,15,69,"American (Californian salads, casual grill), Chinese (Sichuan, Cantonese fast‚Äêfood), Indian (Northern Indian biryani), T","Heavily favors fresh salads, rice bowls and noodles for lunch and dinner, with occasional indulgences like fast‚Äêfood sna","Prefers fresh, savory and well‚Äêbalanced flavors with tangy dressings and customizable spice levels","Balanced: frequently opts for health-conscious modifications (e.g., dressings on the side, extra greens) while still ordering meat-based dishes"
661703925,3,94,You pick. We roll,Build your perfect bowl with fresh ingredients from places nearby,rice bowls,https://www.doordash.com/search/store/rice%20bowls?event_type=search&filterQuery-vertical_ids=1,17,65,"American (Californian salads, casual grill), Chinese (Sichuan, Cantonese fast‚Äêfood), Indian (Northern Indian biryani), T","Heavily favors fresh salads, rice bowls and noodles for lunch and dinner, with occasional indulgences like fast‚Äêfood sna","Prefers fresh, savory and well‚Äêbalanced flavors with tangy dressings and customizable spice levels","Balanced: frequently opts for health-conscious modifications (e.g., dressings on the side, extra greens) while still ordering meat-based dishes"
661703925,4,82,Curry cravings,Get bold Thai curries and stir-fries delivered in 30 min,Thai food,https://www.doordash.com/search/store/Thai%20food?event_type=search&filterQuery-vertical_ids=1,14,56,"American (Californian salads, casual grill), Chinese (Sichuan, Cantonese fast‚Äêfood), Indian (Northern Indian biryani), T","Heavily favors fresh salads, rice bowls and noodles for lunch and dinner, with occasional indulgences like fast‚Äêfood sna","Prefers fresh, savory and well‚Äêbalanced flavors with tangy dressings and customizable spice levels","Balanced: frequently opts for health-conscious modifications (e.g., dressings on the side, extra greens) while still ordering meat-based dishes"
661703925,5,82,Curry and more,"Bold Indian flavors from tikka masala to biryani, all nearby",Indian food,https://www.doordash.com/search/store/Indian%20food?event_type=search&filterQuery-vertical_ids=1,14,60,"American (Californian salads, casual grill), Chinese (Sichuan, Cantonese fast‚Äêfood), Indian (Northern Indian biryani), T","Heavily favors fresh salads, rice bowls and noodles for lunch and dinner, with occasional indulgences like fast‚Äêfood sna","Prefers fresh, savory and well‚Äêbalanced flavors with tangy dressings and customizable spice levels","Balanced: frequently opts for health-conscious modifications (e.g., dressings on the side, extra greens) while still ordering meat-based dishes"
661703925,6,80,Your go-tos are here,Reorder favorites or find something new worth trying,restaurants,https://www.doordash.com/search/store/restaurants?event_type=search&filterQuery-vertical_ids=1,20,52,"American (Californian salads, casual grill), Chinese (Sichuan, Cantonese fast‚Äêfood), Indian (Northern Indian biryani), T","Heavily favors fresh salads, rice bowls and noodles for lunch and dinner, with occasional indulgences like fast‚Äêfood sna","Prefers fresh, savory and well‚Äêbalanced flavors with tangy dressings and customizable spice levels","Balanced: frequently opts for health-conscious modifications (e.g., dressings on the side, extra greens) while still ordering meat-based dishes"
661703925,7,80,Fresh bowls nearby,Build your perfect meal with options that keep it light,healthy food,https://www.doordash.com/search/store/healthy%20food?event_type=search&filterQuery-vertical_ids=1,18,55,"American (Californian salads, casual grill), Chinese (Sichuan, Cantonese fast‚Äêfood), Indian (Northern Indian biryani), T","Heavily favors fresh salads, rice bowls and noodles for lunch and dinner, with occasional indulgences like fast‚Äêfood sna","Prefers fresh, savory and well‚Äêbalanced flavors with tangy dressings and customizable spice levels","Balanced: frequently opts for health-conscious modifications (e.g., dressings on the side, extra greens) while still ordering meat-based dishes"
1036296113,1,98,Noodle cravings covered,üçú Hot bowls and hand-pulled options ready from spots you'll love,noodles,https://www.doordash.com/search/store/noodles?event_type=search&filterQuery-vertical_ids=1,23,64,"Chinese (Northern style including Lanzhou hand-pulled noodles and Beijing specialties), Hawaiian (poke), Thai","Noodle soups, rice bowls, hot clay pot dishes, and cold appetizer dishes","Savory, hearty and umami-rich flavors with robust broths and marinated meats",none
1036296113,2,96,Skip the schlep,"Get dumplings, rice dishes, and bold flavors delivered from top spots",Chinese food,https://www.doordash.com/search/store/Chinese%20food?event_type=search&filterQuery-vertical_ids=1,15,69,"Chinese (Northern style including Lanzhou hand-pulled noodles and Beijing specialties), Hawaiian (poke), Thai","Noodle soups, rice bowls, hot clay pot dishes, and cold appetizer dishes","Savory, hearty and umami-rich flavors with robust broths and marinated meats",none
1036296113,3,94,You pick. We roll,Build your perfect bowl with fresh ingredients from places nearby,rice bowls,https://www.doordash.com/search/store/rice%20bowls?event_type=search&filterQuery-vertical_ids=1,17,65,"Chinese (Northern style including Lanzhou hand-pulled noodles and Beijing specialties), Hawaiian (poke), Thai","Noodle soups, rice bowls, hot clay pot dishes, and cold appetizer dishes","Savory, hearty and umami-rich flavors with robust broths and marinated meats",none
1036296113,4,82,Curry cravings,Get bold Thai curries and stir-fries delivered in 30 min,Thai food,https://www.doordash.com/search/store/Thai%20food?event_type=search&filterQuery-vertical_ids=1,14,56,"Chinese (Northern style including Lanzhou hand-pulled noodles and Beijing specialties), Hawaiian (poke), Thai","Noodle soups, rice bowls, hot clay pot dishes, and cold appetizer dishes","Savory, hearty and umami-rich flavors with robust broths and marinated meats",none
1036296113,5,80,Your go-tos are here,Reorder favorites or find something new worth trying,restaurants,https://www.doordash.com/search/store/restaurants?event_type=search&filterQuery-vertical_ids=1,20,52,"Chinese (Northern style including Lanzhou hand-pulled noodles and Beijing specialties), Hawaiian (poke), Thai","Noodle soups, rice bowls, hot clay pot dishes, and cold appetizer dishes","Savory, hearty and umami-rich flavors with robust broths and marinated meats",none
1036296113,6,80,Fresh bowls nearby,Build your perfect meal with options that keep it light,healthy food,https://www.doordash.com/search/store/healthy%20food?event_type=search&filterQuery-vertical_ids=1,18,55,"Chinese (Northern style including Lanzhou hand-pulled noodles and Beijing specialties), Hawaiian (poke), Thai","Noodle soups, rice bowls, hot clay pot dishes, and cold appetizer dishes","Savory, hearty and umami-rich flavors with robust broths and marinated meats",none
87525802,1,94,You pick. We roll,Build your perfect bowl with fresh ingredients from places nearby,rice bowls,https://www.doordash.com/search/store/rice%20bowls?event_type=search&filterQuery-vertical_ids=1,17,65,"Northern Indian, Mediterranean, Mexican, Thai: predominantly orders authentic Northern Indian and Mediterranean dishes w","Burrito bowls, stuffed parathas, customizable salads, tofu bowls, and falafel wraps: frequently orders hearty vegetarian","Mild to moderately spiced, savory and fresh with an emphasis on customizable, balanced flavors","Vegetarian: orders consistently feature plant-based proteins and deliberate modifications such as extra tofu and no meat, reflecting health-conscious choices"
87525802,2,90,Taco time,"Fresh tacos, burritos, and more ready to order from nearby favorites",Mexican,https://www.doordash.com/search/store/Mexican?event_type=search&filterQuery-vertical_ids=1,9,68,"Northern Indian, Mediterranean, Mexican, Thai: predominantly orders authentic Northern Indian and Mediterranean dishes w","Burrito bowls, stuffed parathas, customizable salads, tofu bowls, and falafel wraps: frequently orders hearty vegetarian","Mild to moderately spiced, savory and fresh with an emphasis on customizable, balanced flavors","Vegetarian: orders consistently feature plant-based proteins and deliberate modifications such as extra tofu and no meat, reflecting health-conscious choices"
87525802,3,82,Curry cravings,Get bold Thai curries and stir-fries delivered in 30 min,Thai food,https://www.doordash.com/search/store/Thai%20food?event_type=search&filterQuery-vertical_ids=1,14,56,"Northern Indian, Mediterranean, Mexican, Thai: predominantly orders authentic Northern Indian and Mediterranean dishes w","Burrito bowls, stuffed parathas, customizable salads, tofu bowls, and falafel wraps: frequently orders hearty vegetarian","Mild to moderately spiced, savory and fresh with an emphasis on customizable, balanced flavors","Vegetarian: orders consistently feature plant-based proteins and deliberate modifications such as extra tofu and no meat, reflecting health-conscious choices"
87525802,4,82,Curry and more,"Bold Indian flavors from tikka masala to biryani, all nearby",Indian food,https://www.doordash.com/search/store/Indian%20food?event_type=search&filterQuery-vertical_ids=1,14,60,"Northern Indian, Mediterranean, Mexican, Thai: predominantly orders authentic Northern Indian and Mediterranean dishes w","Burrito bowls, stuffed parathas, customizable salads, tofu bowls, and falafel wraps: frequently orders hearty vegetarian","Mild to moderately spiced, savory and fresh with an emphasis on customizable, balanced flavors","Vegetarian: orders consistently feature plant-based proteins and deliberate modifications such as extra tofu and no meat, reflecting health-conscious choices"
87525802,5,82,Mediterranean picks,"Fresh gyros, falafel, and hummus from spots worth reordering",Mediterranean food,https://www.doordash.com/search/store/Mediterranean%20food?event_type=search&filterQuery-vertical_ids=1,19,60,"Northern Indian, Mediterranean, Mexican, Thai: predominantly orders authentic Northern Indian and Mediterranean dishes w","Burrito bowls, stuffed parathas, customizable salads, tofu bowls, and falafel wraps: frequently orders hearty vegetarian","Mild to moderately spiced, savory and fresh with an emphasis on customizable, balanced flavors","Vegetarian: orders consistently feature plant-based proteins and deliberate modifications such as extra tofu and no meat, reflecting health-conscious choices"
87525802,6,80,Your go-tos are here,Reorder favorites or find something new worth trying,restaurants,https://www.doordash.com/search/store/restaurants?event_type=search&filterQuery-vertical_ids=1,20,52,"Northern Indian, Mediterranean, Mexican, Thai: predominantly orders authentic Northern Indian and Mediterranean dishes w","Burrito bowls, stuffed parathas, customizable salads, tofu bowls, and falafel wraps: frequently orders hearty vegetarian","Mild to moderately spiced, savory and fresh with an emphasis on customizable, balanced flavors","Vegetarian: orders consistently feature plant-based proteins and deliberate modifications such as extra tofu and no meat, reflecting health-conscious choices"
87525802,7,80,Fresh bowls nearby,Build your perfect meal with options that keep it light,healthy food,https://www.doordash.com/search/store/healthy%20food?event_type=search&filterQuery-vertical_ids=1,18,55,"Northern Indian, Mediterranean, Mexican, Thai: predominantly orders authentic Northern Indian and Mediterranean dishes w","Burrito bowls, stuffed parathas, customizable salads, tofu bowls, and falafel wraps: frequently orders hearty vegetarian","Mild to moderately spiced, savory and fresh with an emphasis on customizable, balanced flavors","Vegetarian: orders consistently feature plant-based proteins and deliberate modifications such as extra tofu and no meat, reflecting health-conscious choices"
1876399093,1,94,You pick. We roll,Build your perfect bowl with fresh ingredients from places nearby,rice bowls,https://www.doordash.com/search/store/rice%20bowls?event_type=search&filterQuery-vertical_ids=1,17,65,"Japanese (authentic sushi and maki), Middle Eastern (Persian, Mediterranean kebabs and shawarmas), South African (PERi‚ÄêP","Frequent lunch bowls, wraps and grilled chicken dishes, consistent sushi and poke bowls, occasional hearty pizzas and ke","Spicy, robust and flavor‚Äêrich with consistent emphasis on bold sauces and seasonings",none
1876399093,2,92,Heat seekers wanted,"Get bold, spicy flavors from restaurants that bring it",spicy food,https://www.doordash.com/search/store/spicy%20food?event_type=search&filterQuery-vertical_ids=1,19,54,"Japanese (authentic sushi and maki), Middle Eastern (Persian, Mediterranean kebabs and shawarmas), South African (PERi‚ÄêP","Frequent lunch bowls, wraps and grilled chicken dishes, consistent sushi and poke bowls, occasional hearty pizzas and ke","Spicy, robust and flavor‚Äêrich with consistent emphasis on bold sauces and seasonings",none
1876399093,3,88,Pizza. Done,"Thin crust to deep dish, they're all just a tap away",pizza,https://www.doordash.com/search/store/pizza?event_type=search&filterQuery-vertical_ids=1,11,52,"Japanese (authentic sushi and maki), Middle Eastern (Persian, Mediterranean kebabs and shawarmas), South African (PERi‚ÄêP","Frequent lunch bowls, wraps and grilled chicken dishes, consistent sushi and poke bowls, occasional hearty pizzas and ke","Spicy, robust and flavor‚Äêrich with consistent emphasis on bold sauces and seasonings",none
1876399093,4,84,Sushi and ramen ready,Fresh rolls and rich broths from spots you'll want to reorder,Japanese food,https://www.doordash.com/search/store/Japanese%20food?event_type=search&filterQuery-vertical_ids=1,21,61,"Japanese (authentic sushi and maki), Middle Eastern (Persian, Mediterranean kebabs and shawarmas), South African (PERi‚ÄêP","Frequent lunch bowls, wraps and grilled chicken dishes, consistent sushi and poke bowls, occasional hearty pizzas and ke","Spicy, robust and flavor‚Äêrich with consistent emphasis on bold sauces and seasonings",none
1876399093,5,82,Mediterranean picks,"Fresh gyros, falafel, and hummus from spots worth reordering",Mediterranean food,https://www.doordash.com/search/store/Mediterranean%20food?event_type=search&filterQuery-vertical_ids=1,19,60,"Japanese (authentic sushi and maki), Middle Eastern (Persian, Mediterranean kebabs and shawarmas), South African (PERi‚ÄêP","Frequent lunch bowls, wraps and grilled chicken dishes, consistent sushi and poke bowls, occasional hearty pizzas and ke","Spicy, robust and flavor‚Äêrich with consistent emphasis on bold sauces and seasonings",none
1876399093,6,80,Your go-tos are here,Reorder favorites or find something new worth trying,restaurants,https://www.doordash.com/search/store/restaurants?event_type=search&filterQuery-vertical_ids=1,20,52,"Japanese (authentic sushi and maki), Middle Eastern (Persian, Mediterranean kebabs and shawarmas), South African (PERi‚ÄêP","Frequent lunch bowls, wraps and grilled chicken dishes, consistent sushi and poke bowls, occasional hearty pizzas and ke","Spicy, robust and flavor‚Äêrich with consistent emphasis on bold sauces and seasonings",none
1876399093,7,80,Fresh bowls nearby,Build your perfect meal with options that keep it light,healthy food,https://www.doordash.com/search/store/healthy%20food?event_type=search&filterQuery-vertical_ids=1,18,55,"Japanese (authentic sushi and maki), Middle Eastern (Persian, Mediterranean kebabs and shawarmas), South African (PERi‚ÄêP","Frequent lunch bowls, wraps and grilled chicken dishes, consistent sushi and poke bowls, occasional hearty pizzas and ke","Spicy, robust and flavor‚Äêrich with consistent emphasis on bold sauces and seasonings",none
1125900258685514,1,98,Noodle cravings covered,üçú Hot bowls and hand-pulled options ready from spots you'll love,noodles,https://www.doordash.com/search/store/noodles?event_type=search&filterQuery-vertical_ids=1,23,64,"Chinese (central/Sichuan style, e.g., 575 Miishien, Changsha Rice Noodles), American (e.g., Chick-fil-A, Coupa Cafe) and","Noodle dishes (rice noodles, spicy noodle soups), rice bowls (chicken and beef bowls), fast food sandwiches/tacos (Chick","Spicy and savory with frequent requests for extra vinegar, hot sauce and adjusted spice levels, alon","none: orders include both meat and vegetarian items with no consistent exclusion, modifications focus on taste enhancements rather than strict dietary restrictions"
1125900258685514,2,96,Skip the schlep,"Get dumplings, rice dishes, and bold flavors delivered from top spots",Chinese food,https://www.doordash.com/search/store/Chinese%20food?event_type=search&filterQuery-vertical_ids=1,15,69,"Chinese (central/Sichuan style, e.g., 575 Miishien, Changsha Rice Noodles), American (e.g., Chick-fil-A, Coupa Cafe) and","Noodle dishes (rice noodles, spicy noodle soups), rice bowls (chicken and beef bowls), fast food sandwiches/tacos (Chick","Spicy and savory with frequent requests for extra vinegar, hot sauce and adjusted spice levels, alon","none: orders include both meat and vegetarian items with no consistent exclusion, modifications focus on taste enhancements rather than strict dietary restrictions"
1125900258685514,3,94,You pick. We roll,Build your perfect bowl with fresh ingredients from places nearby,rice bowls,https://www.doordash.com/search/store/rice%20bowls?event_type=search&filterQuery-vertical_ids=1,17,65,"Chinese (central/Sichuan style, e.g., 575 Miishien, Changsha Rice Noodles), American (e.g., Chick-fil-A, Coupa Cafe) and","Noodle dishes (rice noodles, spicy noodle soups), rice bowls (chicken and beef bowls), fast food sandwiches/tacos (Chick","Spicy and savory with frequent requests for extra vinegar, hot sauce and adjusted spice levels, alon","none: orders include both meat and vegetarian items with no consistent exclusion, modifications focus on taste enhancements rather than strict dietary restrictions"
1125900258685514,4,92,Heat seekers wanted,"Get bold, spicy flavors from restaurants that bring it",spicy food,https://www.doordash.com/search/store/spicy%20food?event_type=search&filterQuery-vertical_ids=1,19,54,"Chinese (central/Sichuan style, e.g., 575 Miishien, Changsha Rice Noodles), American (e.g., Chick-fil-A, Coupa Cafe) and","Noodle dishes (rice noodles, spicy noodle soups), rice bowls (chicken and beef bowls), fast food sandwiches/tacos (Chick","Spicy and savory with frequent requests for extra vinegar, hot sauce and adjusted spice levels, alon","none: orders include both meat and vegetarian items with no consistent exclusion, modifications focus on taste enhancements rather than strict dietary restrictions"
1125900258685514,5,86,Burgers your way,"Classic or loaded, get them delivered hot and ready",burgers,https://www.doordash.com/search/store/burgers?event_type=search&filterQuery-vertical_ids=1,16,51,"Chinese (central/Sichuan style, e.g., 575 Miishien, Changsha Rice Noodles), American (e.g., Chick-fil-A, Coupa Cafe) and","Noodle dishes (rice noodles, spicy noodle soups), rice bowls (chicken and beef bowls), fast food sandwiches/tacos (Chick","Spicy and savory with frequent requests for extra vinegar, hot sauce and adjusted spice levels, alon","none: orders include both meat and vegetarian items with no consistent exclusion, modifications focus on taste enhancements rather than strict dietary restrictions"
1125900258685514,6,80,Your go-tos are here,Reorder favorites or find something new worth trying,restaurants,https://www.doordash.com/search/store/restaurants?event_type=search&filterQuery-vertical_ids=1,20,52,"Chinese (central/Sichuan style, e.g., 575 Miishien, Changsha Rice Noodles), American (e.g., Chick-fil-A, Coupa Cafe) and","Noodle dishes (rice noodles, spicy noodle soups), rice bowls (chicken and beef bowls), fast food sandwiches/tacos (Chick","Spicy and savory with frequent requests for extra vinegar, hot sauce and adjusted spice levels, alon","none: orders include both meat and vegetarian items with no consistent exclusion, modifications focus on taste enhancements rather than strict dietary restrictions"
1125900258685514,7,80,Fresh bowls nearby,Build your perfect meal with options that keep it light,healthy food,https://www.doordash.com/search/store/healthy%20food?event_type=search&filterQuery-vertical_ids=1,18,55,"Chinese (central/Sichuan style, e.g., 575 Miishien, Changsha Rice Noodles), American (e.g., Chick-fil-A, Coupa Cafe) and","Noodle dishes (rice noodles, spicy noodle soups), rice bowls (chicken and beef bowls), fast food sandwiches/tacos (Chick","Spicy and savory with frequent requests for extra vinegar, hot sauce and adjusted spice levels, alon","none: orders include both meat and vegetarian items with no consistent exclusion, modifications focus on taste enhancements rather than strict dietary restrictions"
1125900258685514,8,80,Start the day right,"Hot coffee, fresh bagels, and breakfast sandwiches ready to go",breakfast,https://www.doordash.com/search/store/breakfast?event_type=search&filterQuery-vertical_ids=1,19,62,"Chinese (central/Sichuan style, e.g., 575 Miishien, Changsha Rice Noodles), American (e.g., Chick-fil-A, Coupa Cafe) and","Noodle dishes (rice noodles, spicy noodle soups), rice bowls (chicken and beef bowls), fast food sandwiches/tacos (Chick","Spicy and savory with frequent requests for extra vinegar, hot sauce and adjusted spice levels, alon","none: orders include both meat and vegetarian items with no consistent exclusion, modifications focus on taste enhancements rather than strict dietary restrictions"
1125900345980826,1,98,Noodle cravings covered,üçú Hot bowls and hand-pulled options ready from spots you'll love,noodles,https://www.doordash.com/search/store/noodles?event_type=search&filterQuery-vertical_ids=1,23,64,"Chinese (Mandarin-style from the Signature Beef Mifen), Hawaiian (from build‚Äêyour‚Äêown poke bowls), American (healthy bev","Build-your-own customizable bowls, signature noodle soups, and fresh smoothie beverages, with an occasional emphasis on ","Adventurous combination of savory, tangy, and fresh flavors using varied vegetables, fruits, and sau",none
1125900345980826,2,96,Skip the schlep,"Get dumplings, rice dishes, and bold flavors delivered from top spots",Chinese food,https://www.doordash.com/search/store/Chinese%20food?event_type=search&filterQuery-vertical_ids=1,15,69,"Chinese (Mandarin-style from the Signature Beef Mifen), Hawaiian (from build‚Äêyour‚Äêown poke bowls), American (healthy bev","Build-your-own customizable bowls, signature noodle soups, and fresh smoothie beverages, with an occasional emphasis on ","Adventurous combination of savory, tangy, and fresh flavors using varied vegetables, fruits, and sau",none
1125900345980826,3,94,You pick. We roll,Build your perfect bowl with fresh ingredients from places nearby,rice bowls,https://www.doordash.com/search/store/rice%20bowls?event_type=search&filterQuery-vertical_ids=1,17,65,"Chinese (Mandarin-style from the Signature Beef Mifen), Hawaiian (from build‚Äêyour‚Äêown poke bowls), American (healthy bev","Build-your-own customizable bowls, signature noodle soups, and fresh smoothie beverages, with an occasional emphasis on ","Adventurous combination of savory, tangy, and fresh flavors using varied vegetables, fruits, and sau",none
1125900345980826,4,80,Your go-tos are here,Reorder favorites or find something new worth trying,restaurants,https://www.doordash.com/search/store/restaurants?event_type=search&filterQuery-vertical_ids=1,20,52,"Chinese (Mandarin-style from the Signature Beef Mifen), Hawaiian (from build‚Äêyour‚Äêown poke bowls), American (healthy bev","Build-your-own customizable bowls, signature noodle soups, and fresh smoothie beverages, with an occasional emphasis on ","Adventurous combination of savory, tangy, and fresh flavors using varied vegetables, fruits, and sau",none
1125900345980826,5,80,Fresh bowls nearby,Build your perfect meal with options that keep it light,healthy food,https://www.doordash.com/search/store/healthy%20food?event_type=search&filterQuery-vertical_ids=1,18,55,"Chinese (Mandarin-style from the Signature Beef Mifen), Hawaiian (from build‚Äêyour‚Äêown poke bowls), American (healthy bev","Build-your-own customizable bowls, signature noodle soups, and fresh smoothie beverages, with an occasional emphasis on ","Adventurous combination of savory, tangy, and fresh flavors using varied vegetables, fruits, and sau",none
1627393472,1,94,You pick. We roll,Build your perfect bowl with fresh ingredients from places nearby,rice bowls,https://www.doordash.com/search/store/rice%20bowls?event_type=search&filterQuery-vertical_ids=1,17,65,"Japanese (CreAsian sushi, ramen), Mexican (Chipotle tacos, burritos), American (steakhouse burgers, pizzas)","frequently ordered poke bowls, sandwich combos, pizzas, burgers, sushi rolls, and dessert cookies, with occasional baker","savory, spicy and sweet flavor inclinations with frequent customizations in sauces and toppings",none
1627393472,2,92,Heat seekers wanted,"Get bold, spicy flavors from restaurants that bring it",spicy food,https://www.doordash.com/search/store/spicy%20food?event_type=search&filterQuery-vertical_ids=1,19,54,"Japanese (CreAsian sushi, ramen), Mexican (Chipotle tacos, burritos), American (steakhouse burgers, pizzas)","frequently ordered poke bowls, sandwich combos, pizzas, burgers, sushi rolls, and dessert cookies, with occasional baker","savory, spicy and sweet flavor inclinations with frequent customizations in sauces and toppings",none
1627393472,3,90,Taco time,"Fresh tacos, burritos, and more ready to order from nearby favorites",Mexican,https://www.doordash.com/search/store/Mexican?event_type=search&filterQuery-vertical_ids=1,9,68,"Japanese (CreAsian sushi, ramen), Mexican (Chipotle tacos, burritos), American (steakhouse burgers, pizzas)","frequently ordered poke bowls, sandwich combos, pizzas, burgers, sushi rolls, and dessert cookies, with occasional baker","savory, spicy and sweet flavor inclinations with frequent customizations in sauces and toppings",none
1627393472,4,88,Pizza. Done,"Thin crust to deep dish, they're all just a tap away",pizza,https://www.doordash.com/search/store/pizza?event_type=search&filterQuery-vertical_ids=1,11,52,"Japanese (CreAsian sushi, ramen), Mexican (Chipotle tacos, burritos), American (steakhouse burgers, pizzas)","frequently ordered poke bowls, sandwich combos, pizzas, burgers, sushi rolls, and dessert cookies, with occasional baker","savory, spicy and sweet flavor inclinations with frequent customizations in sauces and toppings",none
1627393472,5,86,Burgers your way,"Classic or loaded, get them delivered hot and ready",burgers,https://www.doordash.com/search/store/burgers?event_type=search&filterQuery-vertical_ids=1,16,51,"Japanese (CreAsian sushi, ramen), Mexican (Chipotle tacos, burritos), American (steakhouse burgers, pizzas)","frequently ordered poke bowls, sandwich combos, pizzas, burgers, sushi rolls, and dessert cookies, with occasional baker","savory, spicy and sweet flavor inclinations with frequent customizations in sauces and toppings",none
1627393472,6,84,Sushi and ramen ready,Fresh rolls and rich broths from spots you'll want to reorder,Japanese food,https://www.doordash.com/search/store/Japanese%20food?event_type=search&filterQuery-vertical_ids=1,21,61,"Japanese (CreAsian sushi, ramen), Mexican (Chipotle tacos, burritos), American (steakhouse burgers, pizzas)","frequently ordered poke bowls, sandwich combos, pizzas, burgers, sushi rolls, and dessert cookies, with occasional baker","savory, spicy and sweet flavor inclinations with frequent customizations in sauces and toppings",none
1627393472,7,80,Your go-tos are here,Reorder favorites or find something new worth trying,restaurants,https://www.doordash.com/search/store/restaurants?event_type=search&filterQuery-vertical_ids=1,20,52,"Japanese (CreAsian sushi, ramen), Mexican (Chipotle tacos, burritos), American (steakhouse burgers, pizzas)","frequently ordered poke bowls, sandwich combos, pizzas, burgers, sushi rolls, and dessert cookies, with occasional baker","savory, spicy and sweet flavor inclinations with frequent customizations in sauces and toppings",none
1627393472,8,80,Fresh bowls nearby,Build your perfect meal with options that keep it light,healthy food,https://www.doordash.com/search/store/healthy%20food?event_type=search&filterQuery-vertical_ids=1,18,55,"Japanese (CreAsian sushi, ramen), Mexican (Chipotle tacos, burritos), American (steakhouse burgers, pizzas)","frequently ordered poke bowls, sandwich combos, pizzas, burgers, sushi rolls, and dessert cookies, with occasional baker","savory, spicy and sweet flavor inclinations with frequent customizations in sauces and toppings",none
1627393472,9,80,Start the day right,"Hot coffee, fresh bagels, and breakfast sandwiches ready to go",breakfast,https://www.doordash.com/search/store/breakfast?event_type=search&filterQuery-vertical_ids=1,19,62,"Japanese (CreAsian sushi, ramen), Mexican (Chipotle tacos, burritos), American (steakhouse burgers, pizzas)","frequently ordered poke bowls, sandwich combos, pizzas, burgers, sushi rolls, and dessert cookies, with occasional baker","savory, spicy and sweet flavor inclinations with frequent customizations in sauces and toppings",none
1883352280,1,98,Noodle cravings covered,üçú Hot bowls and hand-pulled options ready from spots you'll love,noodles,https://www.doordash.com/search/store/noodles?event_type=search&filterQuery-vertical_ids=1,23,64,"Chinese (Sichuan, Taiwanese), Japanese, Thai, Korean: predominant Asian regional flavors","Noodle soups, dumplings, fried rice, milk tea: frequent dinner and lunch choices with occasional fast food items","Savory, spicy and umami‚Äêrich flavors with occasional sweet beverage notes",none
1883352280,2,96,Skip the schlep,"Get dumplings, rice dishes, and bold flavors delivered from top spots",Chinese food,https://www.doordash.com/search/store/Chinese%20food?event_type=search&filterQuery-vertical_ids=1,15,69,"Chinese (Sichuan, Taiwanese), Japanese, Thai, Korean: predominant Asian regional flavors","Noodle soups, dumplings, fried rice, milk tea: frequent dinner and lunch choices with occasional fast food items","Savory, spicy and umami‚Äêrich flavors with occasional sweet beverage notes",none
1883352280,3,94,You pick. We roll,Build your perfect bowl with fresh ingredients from places nearby,rice bowls,https://www.doordash.com/search/store/rice%20bowls?event_type=search&filterQuery-vertical_ids=1,17,65,"Chinese (Sichuan, Taiwanese), Japanese, Thai, Korean: predominant Asian regional flavors","Noodle soups, dumplings, fried rice, milk tea: frequent dinner and lunch choices with occasional fast food items","Savory, spicy and umami‚Äêrich flavors with occasional sweet beverage notes",none
1883352280,4,92,Heat seekers wanted,"Get bold, spicy flavors from restaurants that bring it",spicy food,https://www.doordash.com/search/store/spicy%20food?event_type=search&filterQuery-vertical_ids=1,19,54,"Chinese (Sichuan, Taiwanese), Japanese, Thai, Korean: predominant Asian regional flavors","Noodle soups, dumplings, fried rice, milk tea: frequent dinner and lunch choices with occasional fast food items","Savory, spicy and umami‚Äêrich flavors with occasional sweet beverage notes",none
1883352280,5,84,Sushi and ramen ready,Fresh rolls and rich broths from spots you'll want to reorder,Japanese food,https://www.doordash.com/search/store/Japanese%20food?event_type=search&filterQuery-vertical_ids=1,21,61,"Chinese (Sichuan, Taiwanese), Japanese, Thai, Korean: predominant Asian regional flavors","Noodle soups, dumplings, fried rice, milk tea: frequent dinner and lunch choices with occasional fast food items","Savory, spicy and umami‚Äêrich flavors with occasional sweet beverage notes",none
1883352280,6,82,Curry cravings,Get bold Thai curries and stir-fries delivered in 30 min,Thai food,https://www.doordash.com/search/store/Thai%20food?event_type=search&filterQuery-vertical_ids=1,14,56,"Chinese (Sichuan, Taiwanese), Japanese, Thai, Korean: predominant Asian regional flavors","Noodle soups, dumplings, fried rice, milk tea: frequent dinner and lunch choices with occasional fast food items","Savory, spicy and umami‚Äêrich flavors with occasional sweet beverage notes",none
1883352280,7,82,Korean favorites nearby,"From bibimbap to Korean fried chicken, flavors you'll love",Korean food,https://www.doordash.com/search/store/Korean%20food?event_type=search&filterQuery-vertical_ids=1,23,58,"Chinese (Sichuan, Taiwanese), Japanese, Thai, Korean: predominant Asian regional flavors","Noodle soups, dumplings, fried rice, milk tea: frequent dinner and lunch choices with occasional fast food items","Savory, spicy and umami‚Äêrich flavors with occasional sweet beverage notes",none
1883352280,8,80,Your go-tos are here,Reorder favorites or find something new worth trying,restaurants,https://www.doordash.com/search/store/restaurants?event_type=search&filterQuery-vertical_ids=1,20,52,"Chinese (Sichuan, Taiwanese), Japanese, Thai, Korean: predominant Asian regional flavors","Noodle soups, dumplings, fried rice, milk tea: frequent dinner and lunch choices with occasional fast food items","Savory, spicy and umami‚Äêrich flavors with occasional sweet beverage notes",none
